{
    "AAPL": 0.7368421052631579,
    "ADBE": 0.7368421052631579,
    "AME": 0.7368421052631579,
    "AVGO": 0.7142857142857143,
    "BLD": 0.875,
    "COST": 0.7368421052631579,
    "CRM": 0.7368421052631579,
    "EPAM": 0.7272727272727273,
    "GLOB": 0.7777777777777778,
    "IR": 0.8333333333333334,
    "KNSL": 0.8571428571428571,
    "MSCI": 0.7333333333333333,
    "MTCH": 0.7142857142857143,
    "NOW": 0.7272727272727273,
    "ODFL": 0.7368421052631579,
    "PAYC": 0.7777777777777778,
    "RBC": 0.7222222222222222,
    "RGEN": 0.7894736842105263,
    "SNPS": 0.7368421052631579,
    "TEAM": 0.7142857142857143,
    "TTD": 1.0,
    "VAC": 0.7272727272727273,
    "WAB": 0.7368421052631579
}